date,code,open,high,low,close,preclose,volume,amount,adjustflag,turn,tradestatus,pctChg,peTTM,pbMRQ,psTTM,pcfNcfTTM,isST
2025-02-26,sz.002899,25.1700,26.0000,25.1000,25.3000,25.2100,7032900,179985458.0000,3,4.758500,1,0.357000,36.365559,2.223151,3.300311,-94.886635,0
2025-02-27,sz.002899,25.3000,25.8400,24.8000,25.1700,25.3000,5490718,138955769.4800,3,3.715000,1,-0.513800,36.178701,2.211727,3.283353,-94.399075,0
2025-02-28,sz.002899,24.9900,24.9900,23.7500,23.8800,25.1700,6265136,151079067.0400,3,4.239000,1,-5.125100,34.324488,2.098373,3.115076,-89.560982,0
2025-03-03,sz.002899,23.8800,24.4800,23.5600,24.1600,23.8800,5541418,133635960.3600,3,3.749300,1,1.172500,34.726953,2.122977,3.151602,-90.611111,0
2025-03-04,sz.002899,24.0000,24.6000,23.6700,24.0900,24.1600,3546018,85996560.4400,3,2.399200,1,-0.289700,34.626337,2.116826,3.142470,-90.348579,0
2025-03-05,sz.002899,24.1500,26.2000,22.9500,25.8600,24.0900,11547527,285527823.0500,3,7.813100,1,7.347400,37.170489,2.272359,3.373362,-96.986892,0
2025-03-06,sz.002899,25.6000,26.1000,25.3800,25.7700,25.8600,7048467,181291365.5500,3,4.769000,1,-0.348000,37.041125,2.264450,3.361621,-96.649351,0
2025-03-07,sz.002899,25.7100,26.4200,25.2700,25.6300,25.7700,5584000,144322363.6600,3,3.778200,1,-0.543300,36.839893,2.252148,3.343359,-96.124287,0
2025-03-10,sz.002899,25.8000,25.8000,24.6700,25.2500,25.6300,3900300,97705530.6400,3,2.639000,1,-1.482600,36.293690,2.218757,3.293789,-94.699112,0
2025-03-11,sz.002899,25.1000,25.1000,24.6800,25.0500,25.2500,3020985,75190203.9700,3,2.044000,1,-0.792100,36.006216,2.201183,3.267700,-93.949020,0
2025-03-12,sz.002899,25.6800,25.6900,24.8500,24.8900,25.0500,3720718,93516395.7200,3,2.517500,1,-0.638700,35.776236,2.187123,3.246828,-93.348946,0
2025-03-13,sz.002899,24.7500,24.8200,23.9900,24.3200,24.8900,3333518,80997202.0800,3,2.255500,1,-2.290100,34.956933,2.137036,3.172473,-91.211184,0
2025-03-14,sz.002899,24.1800,24.8400,24.0200,24.5500,24.3200,3373300,82559883.0000,3,2.282400,1,0.945700,35.287529,2.157247,3.202476,-92.073790,0
2025-03-17,sz.002899,24.8500,27.0100,24.7300,27.0100,24.5500,17570218,463500589.8600,3,11.888100,1,10.020400,38.823469,2.373411,3.523376,-101.299921,0
2025-03-18,sz.002899,26.7000,27.6000,26.3400,26.6900,27.0100,12753318,344109187.5400,3,8.628900,1,-1.184700,38.363509,2.345292,3.481633,-100.099774,0
2025-03-19,sz.002899,26.7100,26.7500,26.0000,26.5600,26.6900,7138800,188120554.0000,3,4.830100,1,-0.487100,38.176650,2.333869,3.464675,-99.612214,0
2025-03-20,sz.002899,26.5600,27.0700,26.1200,26.4700,26.5600,8145218,217060102.3400,3,5.511100,1,-0.338900,38.047287,2.325960,3.452934,-99.274673,0
2025-03-21,sz.002899,26.3800,26.3800,24.8600,25.0300,26.4700,6826118,173253327.2000,3,4.618600,1,-5.440100,35.977468,2.199425,3.265091,-93.874011,0
2025-03-24,sz.002899,25.0300,25.5500,24.2000,25.0900,25.0300,5327093,132741016.4500,3,3.604300,1,0.239700,36.063711,2.204698,3.272917,-94.099038,0
2025-03-25,sz.002899,25.1400,25.2400,24.1000,24.2300,25.0900,4921460,120265491.2000,3,3.329900,1,-3.427700,34.827569,2.129128,3.160733,-90.873643,0
2025-03-26,sz.002899,24.0500,24.5000,23.9700,24.3900,24.2300,4744667,114740997.8200,3,3.210300,1,0.660300,35.057549,2.143187,3.181604,-91.473716,0
2025-03-27,sz.002899,24.4100,24.5700,24.0200,24.1000,24.3900,4288400,103940892.0000,3,2.901500,1,-1.189000,34.640711,2.117705,3.143775,-90.386083,0
2025-03-28,sz.002899,24.2300,24.2300,22.5700,22.6000,24.1000,5978000,138609551.0000,3,4.044700,1,-6.224100,32.484650,1.985897,2.948104,-84.760393,0
2025-03-31,sz.002899,22.7600,22.7600,21.4600,22.0300,22.6000,5555033,121758639.8000,3,3.758600,1,-2.522100,31.665347,1.935811,2.873749,-82.622631,0
2025-04-01,sz.002899,22.1400,22.4900,21.4800,21.9400,22.0300,4977300,109342280.0000,3,3.367700,1,-0.408500,31.535983,1.927902,2.862009,-82.285090,0
2025-04-02,sz.002899,21.8200,22.8700,21.7500,22.6100,21.9400,4103218,92363352.8000,3,2.776300,1,3.053800,32.499023,1.986776,2.949409,-84.797898,0
2025-04-03,sz.002899,22.1200,22.3800,21.0000,21.2700,22.6100,5496900,118694076.0000,3,3.719200,1,-5.926600,30.572942,1.869028,2.774610,-79.772282,0
2025-04-07,sz.002899,19.1400,19.1400,19.1400,19.1400,21.2700,956800,18313152.0000,3,0.647400,1,-10.014100,27.511336,1.681862,2.496757,-71.783802,0
2025-04-08,sz.002899,17.6000,18.5900,17.2300,17.2300,19.1400,4224300,74068791.0000,3,2.858200,1,-9.979100,24.765952,1.514027,2.247603,-64.620424,0
2025-04-09,sz.002899,15.5100,17.0000,15.5100,16.7100,17.2300,10782300,172969869.9900,3,7.295300,1,-3.018000,24.018518,1.468334,2.179771,-62.670185,0
2025-04-10,sz.002899,17.0300,18.3800,17.0300,18.3800,16.7100,6602536,118651972.6800,3,4.467300,1,9.994000,26.418932,1.615079,2.397617,-68.933453,0
2025-04-11,sz.002899,18.5500,19.4100,18.1600,19.1700,18.3800,11187811,212070779.0000,3,7.569700,1,4.298200,27.554457,1.684498,2.500671,-71.896316,0
2025-04-14,sz.002899,19.8900,21.0900,19.6000,21.0900,19.1700,9756079,203468353.3900,3,6.601000,1,10.015600,30.314215,1.853211,2.751129,-79.097199,0
2025-04-15,sz.002899,21.0800,21.0800,20.2400,20.4000,21.0900,9493632,195404073.1000,3,6.423400,1,-3.271700,29.322427,1.792580,2.661121,-76.509382,0
2025-04-16,sz.002899,20.7700,20.8000,19.6100,20.0300,20.4000,4568400,91657809.0000,3,3.091000,1,-1.813700,28.790599,1.760067,2.612855,-75.121711,0
2025-04-17,sz.002899,20.0000,20.6200,19.7500,20.2200,20.0300,4398600,89423512.0000,3,2.976100,1,0.948600,29.063700,1.776763,2.637640,-75.834299,0
2025-04-18,sz.002899,20.2400,20.2900,19.7100,19.8400,20.2200,2836800,56535971.0000,3,1.919400,1,-1.879300,28.517498,1.743372,2.588070,-74.409124,0
2025-04-21,sz.002899,19.9500,21.6800,19.8000,21.1700,19.8400,6658092,140410446.7600,3,4.504900,1,6.703600,30.429205,1.860241,2.761565,-79.397236,0
2025-04-22,sz.002899,20.9600,21.3300,20.7100,20.8600,21.1700,2914700,61049262.0000,3,1.972100,1,-1.464300,29.983619,1.833001,2.721126,-78.234593,0
2025-04-23,sz.002899,21.0000,21.8100,20.7600,20.9000,20.8600,4772692,100999612.1200,3,3.229200,1,0.191800,30.041114,1.836516,2.726344,-78.384611,0
2025-04-24,sz.002899,20.8800,21.1900,20.4800,20.7000,20.9000,2891400,59978831.0000,3,1.956300,1,-0.956900,29.753639,1.818941,2.700255,-77.634519,0
2025-04-25,sz.002899,20.8100,20.9500,20.4500,20.5100,20.7000,2723700,56139900.0000,3,1.842900,1,-0.917900,29.480538,1.802246,2.675470,-76.921932,0
2025-04-28,sz.002899,20.3500,20.4200,19.8000,20.0000,20.5100,3839200,76816542.0000,3,2.597600,1,-2.486600,27.013869,1.722616,2.334695,20.039436,0
2025-04-29,sz.002899,20.0000,20.2700,19.7300,19.8300,20.0000,3811000,76139406.0000,3,2.578500,1,-0.850000,26.784251,1.707973,2.314850,19.869100,0
2025-04-30,sz.002899,20.0000,20.4500,19.9900,20.1000,19.8300,4900700,98929454.0000,3,3.315800,1,1.361600,27.148938,1.731229,2.346368,20.139633,0
2025-05-06,sz.002899,20.5100,21.2700,20.2600,20.9400,20.1000,6134800,127099988.0000,3,4.150800,1,4.179100,28.283521,1.803579,2.444425,20.981289,0
2025-05-07,sz.002899,21.5500,21.9500,20.5300,20.8400,20.9400,5313600,112095660.0000,3,3.595200,1,-0.477600,28.148451,1.794966,2.432752,20.881092,0
2025-05-08,sz.002899,20.8000,21.0500,20.6600,20.7300,20.8400,4073100,84825891.0000,3,2.755900,1,-0.527800,27.999875,1.785491,2.419911,20.770875,0
2025-05-09,sz.002899,20.8000,20.8000,20.1200,20.5000,20.7300,3467500,70614351.0000,3,2.346100,1,-1.109500,27.689216,1.765681,2.393062,20.540421,0
2025-05-12,sz.002899,20.7300,21.5000,20.3400,21.1000,20.5000,7294500,152176740.0000,3,4.935500,1,2.926800,28.499632,1.817360,2.463103,21.141604,0
2025-05-13,sz.002899,21.5700,21.5800,20.3500,20.4400,21.1000,9797300,203846826.5700,3,6.628900,1,-3.128000,27.608174,1.760513,2.386058,20.480303,0
2025-05-14,sz.002899,20.4000,20.4000,19.9700,20.1900,20.4400,3986053,80287100.0100,3,2.697000,1,-1.223100,27.270501,1.738981,2.356874,20.229810,0
2025-05-15,sz.002899,20.1300,20.1800,19.7600,19.7600,20.1900,2648500,52635446.0000,3,1.792000,1,-2.129800,26.689702,1.701944,2.306678,19.798962,0
2025-05-16,sz.002899,19.5900,20.3800,19.4800,20.1400,19.7600,3845100,77089497.0000,3,2.601600,1,1.923100,27.202966,1.734674,2.351038,20.179712,0
2025-05-19,sz.002899,20.2200,20.6100,19.9100,20.1500,20.1400,4471300,90353123.0000,3,3.025300,1,0.049700,27.216473,1.735535,2.352205,20.189731,0
2025-05-20,sz.002899,20.3500,20.6800,19.9200,20.4500,20.1500,4847000,98600847.0000,3,3.279500,1,1.488800,27.621681,1.761375,2.387225,20.490323,0
2025-05-21,sz.002899,20.5800,22.3300,20.1500,21.0500,20.4500,13548052,288577299.6400,3,9.166700,1,2.934000,28.432097,1.813053,2.457266,21.091506,0
2025-05-22,sz.002899,20.6300,22.2000,20.3100,21.8200,21.0500,15028234,320546617.7600,3,10.168200,1,3.658000,29.472131,1.879374,2.547152,21.863024,0
2025-05-23,sz.002899,21.3100,21.4900,20.8000,20.8500,21.8200,9478060,199160398.6000,3,6.412900,1,-4.445500,28.161958,1.795827,2.433919,20.891112,0
2025-05-26,sz.002899,20.8200,21.4900,20.5600,21.3100,20.8500,8910196,186853110.1600,3,6.028700,1,2.206200,28.783277,1.835447,2.487617,21.352019,0
2025-05-27,sz.002899,21.2700,21.6800,21.0000,21.4200,21.3100,8107260,173891947.2000,3,5.485400,1,0.516200,28.931854,1.844921,2.500458,21.462235,0
2025-05-28,sz.002899,21.3500,21.4200,20.6200,20.6600,21.4200,5586800,116603556.0000,3,3.780100,1,-3.548100,27.905327,1.779462,2.411740,20.700737,0
2025-05-29,sz.002899,20.9600,21.0600,20.6700,20.7000,20.6600,4253468,88657555.4800,3,2.877900,1,0.193600,27.959354,1.782907,2.416409,20.740816,0
2025-05-30,sz.002899,20.6100,21.2800,20.0100,20.1800,20.7000,5462300,112057530.0000,3,3.695800,1,-2.512100,27.256994,1.738119,2.355707,20.219790,0
2025-06-03,sz.002899,20.0100,20.8800,19.8800,20.3100,20.1800,5764600,117647689.0000,3,3.900400,1,0.644200,27.432584,1.749316,2.370882,20.350047,0
2025-06-04,sz.002899,20.3100,20.7100,20.2100,20.5100,20.3100,4799400,97985191.0000,3,3.247300,1,0.984700,27.702723,1.766542,2.394229,20.550441,0
2025-06-05,sz.002899,20.4000,21.4600,20.3300,21.0000,20.5100,9703596,203861118.9200,3,6.565500,1,2.389100,28.364562,1.808746,2.451429,21.041407,0
2025-06-06,sz.002899,20.8500,20.8800,20.0000,20.5200,21.0000,7830836,159267140.0000,3,5.298400,1,-2.285700,27.716229,1.767404,2.395397,20.560461,0
2025-06-09,sz.002899,20.4400,21.5000,20.4400,21.4900,20.5200,11652618,247136639.8900,3,7.884200,1,4.727100,29.026402,1.850951,2.508629,21.532373,0
2025-06-10,sz.002899,21.8200,23.1700,21.6100,22.1800,21.4900,16922600,378089547.0000,3,11.449900,1,3.210800,29.958381,1.910381,2.589176,22.223734,0
2025-06-11,sz.002899,22.1000,22.4200,21.8100,22.0800,22.1800,8744254,193030414.8200,3,5.916400,1,-0.450900,29.823311,1.901768,2.577503,22.123537,0
2025-06-12,sz.002899,22.1300,23.4500,22.1300,22.3300,22.0100,9036600,204599547.0000,3,6.114200,1,1.453900,30.160985,1.923300,2.606687,22.374030,0
2025-06-13,sz.002899,22.4400,22.4900,20.9500,21.0900,22.3300,7885500,168514612.0000,3,5.335400,1,-5.553100,28.486125,1.816498,2.461936,21.131585,0
2025-06-16,sz.002899,20.9000,21.3000,20.8000,20.9100,21.0900,4399600,92435221.0000,3,2.976800,1,-0.853500,28.243000,1.800995,2.440923,20.951230,0
2025-06-17,sz.002899,22.7700,23.0000,22.3500,23.0000,20.9100,11912507,273190196.0000,3,8.060000,1,9.995200,31.065949,1.981008,2.684899,23.045351,0
2025-06-18,sz.002899,23.3300,25.3000,22.1000,23.6600,23.0000,30530481,732331852.5500,3,20.657000,1,2.869600,31.957407,2.037854,2.761944,23.706652,0
2025-06-19,sz.002899,23.0000,23.2300,21.7000,21.7800,23.6600,20613387,462341317.2200,3,13.947100,1,-7.945900,29.418103,1.875928,2.542483,21.822945,0
2025-06-20,sz.002899,21.7800,22.3200,21.2400,21.5700,21.7800,10189525,220737095.1600,3,6.894300,1,-0.964200,29.134458,1.857841,2.517968,21.612531,0
2025-06-23,sz.002899,21.1600,22.4400,20.8100,22.2500,21.5700,10619953,230913412.2500,3,7.185500,1,3.152500,30.052929,1.916410,2.597348,22.293872,0
2025-06-24,sz.002899,22.2300,22.5600,21.9100,22.3800,22.2500,8082400,180306584.0000,3,5.468600,1,0.584300,30.228519,1.927607,2.612523,22.424128,0
2025-06-25,sz.002899,22.4500,23.1500,22.3000,23.0500,22.3800,9984000,227351240.0000,3,6.755200,1,2.993700,31.133484,1.985315,2.690736,23.095449,0
2025-06-26,sz.002899,22.9500,22.9900,22.1600,22.2400,23.0500,9537006,214928069.5800,3,6.452800,1,-3.514100,30.039422,1.915549,2.596180,22.283852,0
2025-06-27,sz.002899,22.3500,22.4300,21.6900,21.9000,22.2400,8701400,190354656.0000,3,5.887400,1,-1.528800,29.580186,1.886264,2.556491,21.943182,0
2025-06-30,sz.002899,21.9000,23.1000,21.9000,22.4500,21.9000,12176653,275379944.9200,3,8.238800,1,2.511400,30.323068,1.933636,2.620695,22.494266,0
2025-07-01,sz.002899,22.6600,23.5600,22.1200,23.3000,22.4500,16290800,376488815.0000,3,11.022400,1,3.786200,31.471157,2.006847,2.719919,23.345942,0
2025-07-02,sz.002899,23.2900,23.4900,22.9500,23.1000,23.3000,6828100,158069752.0000,3,4.619900,1,-0.858400,31.201019,1.989621,2.696572,23.145548,0
2025-07-03,sz.002899,23.3200,24.6700,23.3200,24.3000,23.1000,14213800,342396732.0000,3,9.617100,1,5.194800,32.821851,2.092978,2.836654,24.347914,0
2025-07-04,sz.002899,23.9200,24.5000,23.6400,23.7800,24.3000,6881800,164154312.0000,3,4.656300,1,-2.139900,32.119490,2.048190,2.775952,23.826889,0
2025-07-07,sz.002899,23.8000,25.1900,23.5500,24.8900,23.7800,11716800,287065447.0000,3,7.927600,1,4.667800,33.618760,2.143795,2.905528,24.939078,0
2025-07-08,sz.002899,25.0000,25.1100,24.5000,24.7800,24.8900,8311800,206032572.0000,3,5.623800,1,-0.441900,33.470184,2.134321,2.892687,24.828861,0
2025-07-09,sz.002899,25.1000,25.2300,23.9800,24.5900,24.7800,8784234,216490944.9600,3,5.943400,1,-0.766700,33.213552,2.117956,2.870507,24.638486,0
2025-07-10,sz.002899,24.4900,24.9800,24.1100,24.3800,24.5900,6509242,160217906.3400,3,4.404200,1,-0.854000,32.929906,2.099869,2.845993,24.428072,0
2025-07-11,sz.002899,24.2500,24.4900,23.9800,24.3200,24.3800,5091943,123655531.7400,3,3.445200,1,-0.246100,32.848865,2.094701,2.838989,24.367954,0
2025-07-14,sz.002899,24.2800,24.4300,23.6800,24.2300,24.3200,4101700,98825920.0000,3,2.775200,1,-0.370100,32.727302,2.086949,2.828483,24.277776,0
2025-07-15,sz.002899,24.0100,24.6600,23.9200,24.0300,24.2300,3250700,78709184.0000,3,2.199400,1,-0.825400,32.457163,2.069723,2.805136,24.077382,0
2025-07-16,sz.002899,24.0300,24.4000,23.7500,24.3900,24.0300,5172400,124267439.0000,3,3.499700,1,1.498100,32.943413,2.100730,2.847160,24.438092,0
2025-07-17,sz.002899,24.3500,24.4300,23.0000,23.2500,24.3900,10989801,258582108.9600,3,7.435700,1,-4.674000,31.403623,2.002541,2.714083,23.295844,0
2025-07-18,sz.002899,23.1800,23.3800,22.3900,22.8500,23.2500,8736951,198870122.7000,3,5.911500,1,-1.720400,30.863345,1.968088,2.667389,22.895055,0
2025-07-21,sz.002899,22.7000,22.9000,22.5800,22.6700,22.8500,3800000,86294998.0000,3,2.571100,1,-0.787700,30.620220,1.952585,2.646376,22.714700,0
2025-07-22,sz.002899,22.6600,22.9500,22.2700,22.5500,22.6700,5981400,135050442.0000,3,4.047000,1,-0.529300,30.458137,1.942249,2.632368,22.594464,0
2025-07-23,sz.002899,22.7900,22.8000,22.2000,22.3500,22.5500,3363300,75647668.0000,3,2.275600,1,-0.886900,30.187998,1.925023,2.609021,22.394069,0
2025-07-24,sz.002899,22.3900,22.7200,22.3800,22.4200,22.3500,3001700,67480567.0000,3,2.031000,1,0.313200,30.282547,1.931052,2.617193,22.464207,0
2025-07-25,sz.002899,22.3600,22.4700,22.0800,22.1600,22.4200,3976800,88504576.0000,3,2.690700,1,-1.159700,29.931367,1.908658,2.586842,22.203695,0
2025-07-28,sz.002899,22.3500,22.7200,22.2600,22.7200,22.1600,5205700,117397894.0000,3,3.522200,1,2.527100,30.687755,1.956891,2.652213,22.764799,0
2025-07-29,sz.002899,22.7200,24.4300,22.5500,24.0800,22.7200,12072436,284417046.9200,3,8.168300,1,5.985900,32.524698,2.074029,2.810972,24.127480,0
2025-07-30,sz.002899,23.8400,24.0800,23.4100,23.5800,24.0800,6164636,145982739.2800,3,4.171000,1,-2.076400,31.849351,2.030964,2.752605,23.626494,0
2025-07-31,sz.002899,23.5800,23.7200,22.9700,23.0600,23.5800,5743800,133623984.0000,3,3.886300,1,-2.205300,31.146991,1.986176,2.691903,23.105469,0
2025-08-01,sz.002899,23.0100,23.0900,22.2700,22.4000,23.0600,5288000,119498557.0000,3,3.577900,1,-2.862100,30.255533,1.929330,2.614858,22.444168,0
2025-08-04,sz.002899,22.3000,23.2800,22.1700,22.5500,22.4000,5757636,130898932.2000,3,3.895600,1,0.669600,30.458137,1.942249,2.632368,22.594464,0
2025-08-05,sz.002899,22.5500,22.8000,21.9400,22.6000,22.5500,6670324,149027703.7200,3,4.513200,1,0.221700,30.525672,1.946556,2.638205,22.644562,0
2025-08-06,sz.002899,22.5500,23.1500,22.3300,23.0000,22.6000,4835711,109986238.0000,3,3.271900,1,1.769900,31.065949,1.981008,2.684899,23.045351,0
2025-08-07,sz.002899,22.9400,23.1200,22.7500,22.8600,23.0000,3791325,87005869.7500,3,2.565200,1,-0.608700,30.876852,1.968950,2.668556,22.905075,0
2025-08-08,sz.002899,22.8600,22.9900,22.5600,22.6200,22.8600,3640187,82721092.6400,3,2.463000,1,-1.049900,30.552686,1.948278,2.640540,22.664602,0
2025-08-11,sz.002899,22.6200,23.3700,22.5600,23.0300,22.6200,5123925,118406506.2500,3,3.466900,1,1.812600,31.106470,1.983592,2.688401,23.075410,0
2025-08-12,sz.002899,23.1000,23.1000,22.5300,22.8500,23.0300,4547600,103478521.0000,3,3.076900,1,-0.781600,30.863345,1.968088,2.667389,22.895055,0
2025-08-13,sz.002899,22.9700,23.1600,22.6000,22.9100,22.8500,3515080,80254734.8000,3,2.378300,1,0.262600,30.944387,1.973256,2.674393,22.955173,0
2025-08-14,sz.002899,22.9000,22.9800,22.5500,22.7200,22.9100,3982280,90549227.2000,3,2.694400,1,-0.829300,30.687755,1.956891,2.652213,22.764799,0
2025-08-15,sz.002899,22.6200,23.0600,22.5400,22.9700,22.7200,3493700,79832209.0000,3,2.363900,1,1.100400,31.025428,1.978424,2.681397,23.015292,0
2025-08-18,sz.002899,23.0100,23.6500,22.9500,23.4500,22.9700,7091800,165251756.4200,3,4.798300,1,2.089700,31.673761,2.019767,2.737430,23.496238,0
2025-08-19,sz.002899,23.6000,23.6400,23.0400,23.1100,23.4500,3865900,89702477.0000,3,2.615700,1,-1.449900,31.214526,1.990482,2.697740,23.155568,0
2025-08-20,sz.002899,23.1000,23.6000,22.9400,23.2500,23.1100,4930900,114789552.0000,3,3.336300,1,0.605800,31.403623,2.002541,2.714083,23.295844,0
2025-08-21,sz.002899,23.2200,23.9500,23.1500,23.5700,23.2500,7729100,182582447.0000,3,5.229500,1,1.376300,31.835844,2.030103,2.751438,23.616475,0
2025-08-22,sz.002899,23.5700,23.6900,23.1600,23.5700,23.5700,5201800,121885154.0000,3,3.519600,1,0.000000,31.835844,2.030103,2.751438,23.616475,0
2025-08-25,sz.002899,23.6100,23.7600,23.0900,23.2800,23.5700,8838818,205444368.5300,3,5.980400,1,-1.230400,31.444143,2.005125,2.717585,23.325903,0
2025-08-26,sz.002899,23.1800,23.6700,23.0300,23.3900,23.2800,7433300,173699198.0000,3,5.029400,1,0.472500,31.592720,2.014599,2.730425,23.436120,0
2025-08-27,sz.002899,23.3300,23.4500,22.1500,22.1900,23.3900,7447400,170090338.0000,3,5.038900,1,-5.130400,29.971888,1.911242,2.590344,22.233754,0
2025-08-28,sz.002899,22.1300,22.5000,21.1000,21.8800,22.1900,6661400,144969410.0000,3,4.507100,1,-1.397000,29.553173,1.884542,2.554156,21.923142,0
2025-08-29,sz.002899,21.8500,21.8500,21.3800,21.4300,21.8800,4055300,87407468.0000,3,2.743800,1,-2.056700,28.945361,1.845783,2.501625,21.472255,0
2025-09-01,sz.002899,21.3000,21.6000,21.0100,21.0400,21.4300,5127700,108890326.0000,3,3.469400,1,-1.819900,34.695108,1.805359,2.556184,-10.377618,0
2025-09-02,sz.002899,21.0000,21.0000,20.2300,20.7500,21.0400,4501226,92542580.5400,3,3.045500,1,-1.378300,34.216896,1.780476,2.520951,-10.234581,0
2025-09-03,sz.002899,20.6200,20.8300,20.0400,20.1200,20.7500,3065400,62424065.0000,3,2.074100,1,-3.036100,33.178021,1.726418,2.444412,-9.923844,0
2025-09-04,sz.002899,20.0900,21.2800,20.0200,20.7100,20.1200,6210775,129070784.2500,3,4.202200,1,2.932400,34.150936,1.777043,2.516092,-10.214851,0
2025-09-05,sz.002899,21.7000,21.7000,20.1500,20.4600,20.7100,11553385,237523337.7700,3,7.817100,1,-1.207100,33.738684,1.755592,2.485719,-10.091543,0
2025-09-08,sz.002899,20.2000,20.5400,20.1300,20.3700,20.4600,5580595,113372041.1000,3,3.775900,1,-0.439900,33.590273,1.747869,2.474785,-10.047152,0
2025-09-09,sz.002899,20.3100,20.4500,20.0100,20.0400,20.3700,4214718,84967323.3200,3,2.851700,1,-1.620000,33.046101,1.719553,2.434692,-9.884385,0
2025-09-10,sz.002899,20.0700,20.6300,20.0500,20.2900,20.0400,4293721,87478838.3000,3,2.905100,1,1.247500,33.458353,1.741005,2.465065,-10.007694,0
2025-09-11,sz.002899,20.2000,20.2900,19.7300,20.0000,20.2900,6364731,126764109.3500,3,4.306400,1,-1.429300,32.980141,1.716121,2.429833,-9.864656,0
2025-09-12,sz.002899,19.9800,20.0000,19.6600,19.7600,20.0000,4892877,96765630.2900,3,3.310500,1,-1.200000,32.584379,1.695528,2.400675,-9.746280,0
2025-09-15,sz.002899,19.7700,20.5400,19.5100,20.5200,19.7600,8434332,169961053.0300,3,5.706700,1,3.846200,33.837624,1.760740,2.493008,-10.121137,0
2025-09-16,sz.002899,20.4400,22.3500,20.3000,21.7000,20.5200,14823745,319491507.0000,3,10.029800,1,5.750500,35.783452,1.861991,2.636369,-10.703152,0
2025-09-17,sz.002899,21.7600,21.9100,21.3500,21.4300,21.7000,5679286,122878050.4000,3,3.842600,1,-1.244200,35.338221,1.838824,2.603566,-10.569979,0
2025-09-18,sz.002899,21.4200,21.4200,20.7100,20.9800,21.4300,6319000,133176870.0000,3,4.275500,1,-2.099900,34.596167,1.800211,2.548895,-10.348024,0
2025-09-19,sz.002899,20.9800,20.9800,20.3600,20.8300,20.9800,4291000,88514717.0000,3,2.903300,1,-0.715000,34.348816,1.787340,2.530671,-10.274039,0
2025-09-22,sz.002899,20.8200,21.1800,20.6600,20.9600,20.8300,3123200,65155085.0000,3,2.113200,1,0.624100,34.563187,1.798495,2.546465,-10.338160,0
2025-09-23,sz.002899,20.9600,20.9600,19.7000,20.4100,20.9600,4259716,86489432.6000,3,2.882100,1,-2.624000,33.656233,1.751302,2.479644,-10.066882,0
2025-09-24,sz.002899,20.4100,21.0500,20.1600,21.0400,20.4100,4707100,98213851.0000,3,3.184800,1,3.086700,34.695108,1.805359,2.556184,-10.377618,0
2025-09-25,sz.002899,20.9600,22.3800,20.9600,22.0400,21.0400,10608454,232890530.8400,3,7.177700,1,4.752900,36.344115,1.891165,2.677676,-10.870851,0
2025-09-26,sz.002899,21.8000,22.9900,21.8000,22.7300,22.0400,8982875,203532089.7500,3,6.077800,1,3.130700,37.481930,1.950372,2.761505,-11.211182,0
2025-09-29,sz.002899,22.7300,23.2800,22.4100,23.0400,22.7300,7373275,168221728.0000,3,4.988800,1,1.363800,37.993122,1.976971,2.799167,-11.364084,0
2025-09-30,sz.002899,23.0400,23.1500,22.6200,22.8800,23.0400,4384100,100325323.0000,3,2.966300,1,-0.694400,37.729281,1.963242,2.779729,-11.285167,0
2025-10-09,sz.002899,22.9900,23.4500,22.5000,23.3300,22.8800,6006200,137804369.0000,3,4.063800,1,1.966800,38.471334,2.001855,2.834400,-11.507121,0
2025-10-10,sz.002899,23.1000,24.1800,23.0000,24.0400,23.3300,8408400,200634158.0000,3,5.689200,1,3.043300,39.642129,2.062778,2.920659,-11.857317,0
2025-10-13,sz.002899,22.6400,23.7700,22.5000,23.4600,24.0400,5564900,129807228.0000,3,3.765200,1,-2.412600,38.685705,2.013010,2.850194,-11.571242,0
2025-10-14,sz.002899,23.7100,24.3300,23.4100,24.0300,23.4600,8435731,202486436.4900,3,5.707600,1,2.429700,39.625639,2.061919,2.919444,-11.852384,0
2025-10-15,sz.002899,23.9700,24.4000,23.5700,24.2500,24.0300,9017300,216550612.4100,3,6.101100,1,0.915500,39.988420,2.080797,2.946172,-11.960895,0
2025-10-16,sz.002899,24.0000,24.6700,23.4600,23.5200,24.2500,7929643,189658169.6000,3,5.365200,1,-3.010300,38.784645,2.018158,2.857483,-11.600836,0
2025-10-17,sz.002899,23.3900,23.5200,22.5900,22.9500,23.5200,6348971,146329900.5800,3,4.295700,1,-2.423500,37.844711,1.969249,2.788233,-11.319693,0
2025-10-20,sz.002899,22.9500,23.7900,22.9500,23.0800,22.9500,3999400,92876276.0000,3,2.706000,1,0.566400,38.059082,1.980404,2.804027,-11.383813,0
2025-10-21,sz.002899,23.3600,23.9600,22.9700,23.9100,23.0800,5980700,140994123.0000,3,4.046600,1,3.596200,39.427758,2.051623,2.904865,-11.793196,0
2025-10-22,sz.002899,23.9100,24.0300,23.4700,23.5900,23.9100,3444700,81481368.0000,3,2.330700,1,-1.338400,38.900076,2.024165,2.865988,-11.635362,0
2025-10-23,sz.002899,23.5000,23.8800,23.1500,23.3200,23.5900,2878000,67537802.0000,3,1.947300,1,-1.144600,38.454844,2.000997,2.833185,-11.502189,0
2025-10-24,sz.002899,23.2900,23.8500,23.0100,23.6500,23.3200,4137300,96671667.0000,3,2.799300,1,1.415100,38.999016,2.029313,2.873277,-11.664956,0
2025-10-27,sz.002899,23.8000,24.3500,23.5600,23.7900,23.6500,6619300,158670083.0000,3,4.478600,1,0.592000,39.229877,2.041326,2.890286,-11.734008,0
2025-10-28,sz.002899,23.7400,24.3800,23.4700,24.2000,23.7900,5503000,132530443.0000,3,3.723400,1,1.723400,39.905970,2.076506,2.940098,-11.936234,0
2025-10-29,sz.002899,24.4100,24.9600,24.0300,24.2400,24.2000,5064200,123667507.0000,3,3.426500,1,0.165300,39.971930,2.079939,2.944957,-11.955963,0
2025-10-30,sz.002899,24.6500,24.7000,23.5500,23.8700,24.2400,5662100,134987675.0000,3,3.831000,1,-1.526400,39.361798,2.048190,2.900005,-11.773467,0
2025-10-31,sz.002899,23.5300,24.1400,23.4000,23.8600,23.8700,3115900,74287092.0000,3,2.108200,1,-0.041900,48.603285,2.024906,3.005634,-29.179138,0
2025-11-03,sz.002899,23.8600,24.1300,23.5900,23.9900,23.8600,3231500,77164657.0000,3,2.186400,1,0.544800,48.868097,2.035938,3.022010,-29.338119,0
2025-11-04,sz.002899,24.0900,24.2800,23.5200,23.9000,23.9900,4191818,99738394.3000,3,2.836200,1,-0.375200,48.684765,2.028300,3.010673,-29.228055,0
2025-11-05,sz.002899,23.9700,24.2600,23.6500,24.1300,23.9000,5126800,123390968.0000,3,3.468800,1,0.962300,49.153280,2.047820,3.039646,-29.509329,0
2025-11-06,sz.002899,23.9900,24.3400,23.8600,24.2600,24.1300,4051636,97655047.4800,3,2.741400,1,0.538700,49.418092,2.058852,3.056022,-29.668310,0
2025-11-07,sz.002899,24.2500,24.9200,24.0100,24.6100,24.2600,5922300,145884034.0000,3,4.007100,1,1.442700,50.131049,2.088555,3.100111,-30.096336,0
2025-11-10,sz.002899,24.6900,25.4400,24.5400,25.0900,24.6100,5023700,125889843.0000,3,3.399100,1,1.950400,51.108819,2.129291,3.160577,-30.683343,0
2025-11-11,sz.002899,25.0800,25.3200,24.6600,24.7900,25.0900,4314600,107100448.0000,3,2.919300,1,-1.195700,50.497713,2.103831,3.122786,-30.316464,0
2025-11-12,sz.002899,24.8000,25.1500,24.4000,24.4400,24.7900,3008900,74257775.0000,3,2.035800,1,-1.411900,49.784756,2.074128,3.078696,-29.888438,0
2025-11-13,sz.002899,24.3100,24.5300,24.1000,24.2900,24.4400,3285075,79764779.7500,3,2.222700,1,-0.613700,49.479203,2.061398,3.059801,-29.704998,0
2025-11-14,sz.002899,24.3000,24.6000,24.0100,24.0100,24.2900,2925600,70990699.0000,3,1.979500,1,-1.152700,48.908838,2.037636,3.024529,-29.362577,0
2025-11-17,sz.002899,24.2000,25.0900,24.0300,24.5500,24.0100,4747900,117070857.0000,3,3.212400,1,2.249100,50.008828,2.083463,3.092553,-30.022960,0
2025-11-18,sz.002899,24.5500,25.6500,24.4000,25.4800,24.5500,6998100,176499171.0000,3,4.734900,1,3.788200,51.903256,2.162389,3.209705,-31.160286,0
2025-11-19,sz.002899,25.2300,25.8900,24.4000,24.6900,25.4800,5693300,142812858.6000,3,3.852100,1,-3.100500,50.294011,2.095345,3.110189,-30.194171,0
2025-11-20,sz.002899,24.9500,24.9700,24.1500,24.2000,24.6900,3149800,77294958.0000,3,2.131200,1,-1.984600,49.295871,2.053760,3.048464,-29.594934,0
2025-11-21,sz.002899,23.9000,24.3200,23.1000,23.3400,24.2000,3879200,91532886.0000,3,2.624700,1,-3.553700,47.544035,1.980775,2.940130,-28.543213,0
2025-11-24,sz.002899,23.4700,23.7700,23.1000,23.4900,23.3400,2798000,65433467.0000,3,1.893100,1,0.642700,47.849587,1.993505,2.959025,-28.726653,0
2025-11-25,sz.002899,23.4900,24.1600,23.4300,23.4300,23.4900,2632900,62295313.0000,3,1.781400,1,-0.255400,47.727366,1.988413,2.951467,-28.653277,0
2025-11-26,sz.002899,23.4300,24.0700,23.3500,23.7000,23.4300,2802400,66603398.0000,3,1.896100,1,1.152400,48.277362,2.011327,2.985479,-28.983469,0
2025-11-27,sz.002899,23.6700,24.2100,23.5700,23.9200,23.7000,2907100,69591178.0000,3,1.967000,1,0.928300,48.725506,2.029998,3.013192,-29.252514,0
2025-11-28,sz.002899,23.9200,24.2300,23.6000,24.0200,23.9200,2127900,51017255.0000,3,1.439700,1,0.418100,48.929208,2.038484,3.025789,-29.374807,0
2025-12-01,sz.002899,24.0100,24.5500,23.8900,24.2000,24.0200,3693400,89173608.0000,3,2.499000,1,0.749400,49.295871,2.053760,3.048464,-29.594934,0
2025-12-02,sz.002899,24.2000,24.2900,23.8400,23.9000,24.2000,2386944,57274311.5600,3,1.615000,1,-1.239700,48.684765,2.028300,3.010673,-29.228055,0
2025-12-03,sz.002899,23.8900,24.6700,23.8300,24.1500,23.9000,3329800,80763192.0000,3,2.253000,1,1.046000,49.194020,2.049517,3.042165,-29.533788,0
2025-12-04,sz.002899,24.2000,24.8900,23.8400,24.3500,24.1500,4471200,108767758.0000,3,3.025200,1,0.828200,49.601424,2.066490,3.067359,-29.778374,0
2025-12-05,sz.002899,24.8900,25.5000,24.6300,25.1000,24.3500,6079167,152156886.1600,3,4.113200,1,3.080100,51.129189,2.130140,3.161836,-30.695572,0
2025-12-08,sz.002899,25.1800,25.8000,25.0000,25.5900,25.1000,5380497,137058425.3700,3,3.640500,1,1.952200,52.127328,2.171724,3.223561,-31.294809,0
2025-12-09,sz.002899,25.5000,25.8800,25.4000,25.4700,25.5900,2929100,74979149.0000,3,1.981800,1,-0.468900,51.882886,2.161540,3.208445,-31.148057,0
2025-12-10,sz.002899,26.0100,26.6200,25.4000,26.3400,25.4700,6455748,168353604.3600,3,4.368000,1,3.415800,53.655093,2.235374,3.318039,-32.212007,0
2025-12-11,sz.002899,26.5000,26.6000,25.6000,25.7500,26.3400,4290927,111372574.6800,3,2.903300,1,-2.239900,52.453251,2.185303,3.243716,-31.490478,0
2025-12-12,sz.002899,25.8700,25.8700,25.1800,25.2600,25.7500,3458699,87910588.5700,3,2.340200,1,-1.902900,51.455112,2.143718,3.181991,-30.891241,0
2025-12-15,sz.002899,25.1500,25.2000,24.4400,24.9100,25.2600,5059900,125437838.0000,3,3.423500,1,-1.385600,50.742155,2.114015,3.137902,-30.463215,0
2025-12-16,sz.002899,24.7900,24.7900,23.2800,23.5400,24.9100,8223021,195167518.4000,3,5.563700,1,-5.499800,47.951438,1.997749,2.965324,-28.787800,0
2025-12-17,sz.002899,23.5500,24.1900,23.5500,24.1500,23.5400,5034300,120640321.0000,3,3.406200,1,2.591300,49.194020,2.049517,3.042165,-29.533788,0
2025-12-18,sz.002899,24.0200,25.2800,23.8800,24.8800,24.1500,4426600,110093557.0000,3,2.995100,1,3.022800,50.681045,2.111469,3.134123,-30.426527,0
2025-12-19,sz.002899,25.3000,26.1100,25.2500,25.7400,24.8800,5067476,129802689.0400,3,3.428700,1,3.456600,52.432881,2.184454,3.242457,-31.478248,0
2025-12-22,sz.002899,25.8800,26.1800,25.8700,26.0000,25.7400,4293077,111693554.5700,3,2.904700,1,1.010100,52.962506,2.206519,3.275209,-31.796210,0
2025-12-23,sz.002899,26.0300,26.3000,25.3500,25.4600,26.0000,4337900,111578872.0000,3,2.935000,1,-2.076900,51.862516,2.160692,3.207185,-31.135828,0
2025-12-24,sz.002899,25.8000,26.3900,24.9200,26.1500,25.4600,6060941,157104392.5100,3,4.100900,1,2.710100,53.268059,2.219249,3.294104,-31.979650,0
2025-12-25,sz.002899,26.0300,26.6000,25.8800,26.0700,26.1500,5821582,152355235.8000,3,3.938900,1,-0.305900,53.105098,2.212460,3.284027,-31.881816,0
2025-12-26,sz.002899,25.9200,26.0300,25.4300,25.7200,26.0700,5870522,151232818.1100,3,3.972000,1,-1.342500,52.392141,2.182757,3.239937,-31.453790,0
2025-12-29,sz.002899,25.7200,26.1800,25.5900,26.1100,25.7200,4339673,112708950.9600,3,2.936200,1,1.516300,53.186578,2.215854,3.289066,-31.930733,0
2025-12-30,sz.002899,26.2200,28.7200,25.8000,28.1300,26.1100,15897689,436737405.8800,3,10.756400,1,7.736500,57.301358,2.387284,3.543524,-34.401054,0
2025-12-31,sz.002899,28.5800,28.6100,26.6000,27.3700,28.1300,13118048,358848530.9500,3,8.875700,1,-2.701700,55.753223,2.322786,3.447787,-33.471626,0
2026-01-05,sz.002899,27.1700,27.3600,26.3300,27.2500,27.3700,6770715,182596795.2000,3,4.581100,1,-0.438400,55.508781,2.312602,3.432671,-33.324874,0
2026-01-06,sz.002899,27.3000,27.6400,27.0800,27.4000,27.2500,4970571,135657057.5900,3,3.363100,1,0.550500,55.814334,2.325332,3.451566,-33.508314,0
2026-01-07,sz.002899,27.1300,29.2800,27.1300,28.7500,27.4000,11029273,317091920.2300,3,7.462400,1,4.927000,58.564310,2.439901,3.621625,-35.159271,0
2026-01-08,sz.002899,28.6200,28.8500,28.1700,28.5100,28.7500,5279727,150381520.2600,3,3.572300,1,-0.834800,58.075425,2.419533,3.591392,-34.865768,0
2026-01-09,sz.002899,28.5000,29.8800,28.3300,29.6400,28.5100,7156436,207904285.3900,3,4.842100,1,3.963500,60.377257,2.515432,3.733738,-36.247680,0
2026-01-12,sz.002899,30.1000,32.1600,30.1000,31.9600,29.6400,7243271,225626095.9700,3,4.900800,1,7.827300,65.103142,2.712321,4.025988,-39.084880,0
2026-01-13,sz.002899,32.3000,32.9700,31.5800,31.9500,31.9600,7963700,255211926.0000,3,5.388300,1,-0.031300,65.082772,2.711473,4.024728,-39.072651,0
2026-01-14,sz.002899,31.9500,32.6500,31.6400,31.9900,31.9500,6256440,201197480.2000,3,4.233100,1,0.125200,65.164253,2.714867,4.029767,-39.121568,0
2026-01-15,sz.002899,32.0000,32.3500,30.8000,31.3900,31.9900,5441400,170147298.0000,3,3.681700,1,-1.875600,63.942041,2.663948,3.954185,-38.387809,0
2026-01-16,sz.002899,31.6900,32.7200,31.5900,32.3000,31.3900,6598100,212658848.0000,3,4.464300,1,2.899000,65.795729,2.741176,4.068817,-39.500677,0
2026-01-19,sz.002899,31.8100,33.5000,31.7200,33.2500,32.3000,6493870,214121161.3000,3,4.393800,1,2.941200,67.730897,2.821799,4.188488,-40.662461,0
2026-01-20,sz.002899,33.5000,33.8000,32.0300,32.7300,33.2500,4431871,145735577.0900,3,2.998600,1,-1.563900,66.671647,2.777668,4.122984,-40.026537,0
2026-01-21,sz.002899,32.6800,33.0700,32.0600,32.7800,32.7300,2188500,71398507.0000,3,1.480700,1,0.152800,66.773498,2.781912,4.129283,-40.087684,0
2026-01-22,sz.002899,32.7600,34.2600,32.5100,34.1900,32.7800,5158400,173175447.0000,3,3.490200,1,4.301400,69.645696,2.901573,4.306900,-41.812017,0
2026-01-23,sz.002899,34.0000,34.4500,33.6300,34.2200,34.1900,3669000,125042204.0000,3,2.482500,1,0.087700,69.706806,2.904119,4.310679,-41.848705,0
2026-01-26,sz.002899,34.5600,34.7800,33.0000,33.1600,34.2200,5258270,177099525.5000,3,3.557800,1,-3.097600,67.547566,2.814161,4.177151,-40.552398,0
2026-01-27,sz.002899,32.8800,33.5000,31.8400,33.4600,33.1600,5741819,187725096.5500,3,3.884900,1,0.904700,68.158672,2.839621,4.214942,-40.919277,0
2026-01-28,sz.002899,33.7800,33.7800,33.0700,33.3400,33.4600,3187940,106376200.1300,3,2.157000,1,-0.358600,67.914229,2.829437,4.199826,-40.772525,0
2026-01-29,sz.002899,33.9300,34.2500,32.8500,32.9400,33.3400,4824100,161638540.0000,3,3.264000,1,-1.199800,67.099421,2.795490,4.149438,-40.283353,0
2026-01-30,sz.002899,32.8200,33.0600,32.0800,32.6200,32.9400,3199200,103900052.0000,3,2.164600,1,-0.971500,66.447575,2.768333,4.109127,-39.892015,0
2026-02-02,sz.002899,32.6200,33.7200,32.0000,32.2100,32.6200,4620066,151742584.7200,3,3.126000,1,-1.256900,65.612397,2.733538,4.057480,-39.390613,0
2026-02-03,sz.002899,32.2100,32.8000,31.6800,32.6300,32.2100,3942384,127535184.2400,3,2.667400,1,1.303900,66.467945,2.769182,4.110387,-39.904244,0
2026-02-04,sz.002899,32.6300,32.7700,31.0000,31.7200,32.6300,4254649,135386704.9700,3,2.878700,1,-2.788800,64.614258,2.691953,3.995755,-38.791377,0
2026-02-05,sz.002899,31.6300,32.3300,31.2700,31.9900,31.7200,3235049,102776529.9300,3,2.188800,1,0.851200,65.164253,2.714867,4.029767,-39.121568,0
2026-02-06,sz.002899,31.8400,32.2600,30.8200,31.7300,31.9900,3539100,112314356.0000,3,2.394600,1,-0.812800,64.634628,2.692802,3.997015,-38.803606,0
2026-02-09,sz.002899,32.1500,32.3000,30.6200,31.1500,31.7300,4256207,132945657.0500,3,2.879800,1,-1.827900,63.453157,2.643580,3.923952,-38.094306,0
2026-02-10,sz.002899,31.1400,31.8600,31.0200,31.6400,31.1500,2661500,83829561.0000,3,1.800800,1,1.573000,64.451296,2.685164,3.985677,-38.693542,0
2026-02-11,sz.002899,31.7800,31.9200,30.9100,30.9600,31.6400,2399239,75488638.5300,3,1.623300,1,-2.149200,63.066123,2.627455,3.900018,-37.861949,0
2026-02-12,sz.002899,30.9400,31.5500,30.7900,31.1500,30.9600,3080700,96009887.5100,3,2.084400,1,0.613700,63.453157,2.643580,3.923952,-38.094306,0
2026-02-13,sz.002899,31.2500,31.9100,30.8600,31.5000,31.1500,2736183,85742370.2400,3,1.851300,1,1.123600,64.166113,2.673283,3.968042,-38.522332,0
2026-02-24,sz.002899,31.5000,32.0800,30.6000,31.5000,31.5000,3327700,104429650.0000,3,2.251500,1,0.000000,64.166113,2.673283,3.968042,-38.522332,0
2026-02-25,sz.002899,31.4200,32.9500,31.2700,32.4700,31.5000,4517446,145600080.5200,3,3.056500,1,3.079400,66.142022,2.755603,4.090232,-39.708575,0
2026-02-26,sz.002899,32.4700,32.9300,31.6000,31.9000,32.4700,3542200,113236681.0000,3,2.396700,1,-1.755500,64.980921,2.707229,4.018429,-39.011504,0
